,Name,gender,Age,StudentID,ethnicity,parental education,lunch,test preparation course,math score,reading score,writing score
0,Mark Dodd,female,28,10000,group B,bachelor's degree,standard,none,72,72,74
1,Tony Meola,female,26,10001,group C,some college,standard,completed,69,90,88
2,Mark Dougherty,female,25,10002,group B,master's degree,standard,none,90,95,93
3,Jorge Campos,male,20,10003,group A,associate's degree,free/reduced,none,47,57,44
4,Garth Lagerwey,male,25,10004,group C,some college,standard,none,76,78,75
5,Chris Woods,female,25,10005,group B,associate's degree,standard,none,71,83,78
6,Tom Liner,female,22,10006,group B,some college,standard,completed,88,95,92
7,Aidan Heaney,male,18,10007,group B,some college,free/reduced,none,40,43,39
8,Jeff Causey,male,20,10008,group D,high school,free/reduced,completed,64,64,67
9,David Kramer,female,23,10009,group B,high school,free/reduced,none,38,60,50
10,Mark Simpson,male,18,10010,group C,associate's degree,standard,none,58,54,52
11,Jim St. Andre,male,19,10011,group D,associate's degree,standard,none,40,52,43
12,Dave Salzwedel,female,19,10012,group B,high school,standard,none,65,81,73
13,Bo Oshoniyi,male,23,10013,group A,some college,standard,completed,78,72,70
14,Pat Harrington,female,26,10014,group A,master's degree,standard,none,50,53,58
15,Dusty Hudock,female,19,10015,group C,some high school,standard,none,69,75,78
16,Brad Friedel,male,25,10016,group C,high school,standard,none,88,89,86
17,David Winner,female,18,10017,group B,some high school,free/reduced,none,18,32,28
18,Mike Ammann,male,19,10018,group C,master's degree,free/reduced,completed,46,42,46
19,Scott Budnick,female,21,10019,group C,associate's degree,free/reduced,none,54,58,61
20,Zach Thornton,male,23,10020,group D,high school,standard,none,66,69,63
21,Jeff Cassar,female,28,10021,group B,some college,free/reduced,completed,65,75,70
22,Mile Miovac,male,18,10022,group D,some college,standard,none,44,54,53
23,Mark Dodd,female,27,10023,group C,some high school,standard,none,69,73,73
24,Tony Meola,male,26,10024,group D,bachelor's degree,free/reduced,completed,74,71,80
25,Mark Dougherty,male,28,10025,group A,master's degree,free/reduced,none,73,74,72
26,Jorge Campos,male,23,10026,group B,some college,standard,none,69,54,55
27,Garth Lagerwey,female,23,10027,group C,bachelor's degree,standard,none,67,69,75
28,Chris Woods,male,23,10028,group C,high school,standard,none,70,70,65
29,Tom Liner,female,18,10029,group D,master's degree,standard,none,62,70,75
30,Aidan Heaney,female,25,10030,group D,some college,standard,none,69,74,74
31,Jeff Causey,female,19,10031,group B,some college,standard,none,63,65,61
32,David Kramer,female,25,10032,group E,master's degree,free/reduced,none,56,72,65
33,Mark Simpson,male,28,10033,group D,some college,standard,none,40,42,38
34,Jim St. Andre,male,26,10034,group E,some college,standard,none,97,87,82
35,Dave Salzwedel,male,28,10035,group E,associate's degree,standard,completed,81,81,79
36,Bo Oshoniyi,female,28,10036,group D,associate's degree,standard,none,74,81,83
37,Pat Harrington,female,24,10037,group D,some high school,free/reduced,none,50,64,59
38,Dusty Hudock,female,22,10038,group D,associate's degree,free/reduced,completed,75,90,88
39,Brad Friedel,male,19,10039,group B,associate's degree,free/reduced,none,57,56,57
40,David Winner,male,22,10040,group C,associate's degree,free/reduced,none,55,61,54
41,Mike Ammann,female,28,10041,group C,associate's degree,standard,none,58,73,68
42,Scott Budnick,female,19,10042,group B,associate's degree,standard,none,53,58,65
43,Zach Thornton,male,24,10043,group B,some college,free/reduced,completed,59,65,66
44,Jeff Cassar,female,21,10044,group E,associate's degree,free/reduced,none,50,56,54
45,Mile Miovac,male,26,10045,group B,associate's degree,standard,none,65,54,57
46,Tony Meola,female,24,10046,group A,associate's degree,standard,completed,55,65,62
47,Mark Dodd,female,27,10047,group C,high school,standard,none,66,71,76
48,Mike Ammann,female,24,10048,group D,associate's degree,free/reduced,completed,57,74,76
49,Brad Friedel,male,22,10049,group C,high school,standard,completed,82,84,82
50,Mark Dougherty,male,21,10050,group E,some college,standard,none,53,55,48
51,Marcus Hahnemann,male,25,10051,group E,associate's degree,free/reduced,completed,77,69,68
52,Walter Zenga,male,18,10052,group C,some college,standard,none,53,44,42
53,David Kramer,male,20,10053,group D,high school,standard,none,88,78,75
54,Dave Salzwedel,female,28,10054,group C,some high school,free/reduced,completed,71,84,87
55,Jorge Campos,female,28,10055,group C,high school,free/reduced,none,33,41,43
56,Scott Garlick,female,27,10056,group E,associate's degree,standard,completed,82,85,86
57,Jeff Causey,male,23,10057,group D,associate's degree,standard,none,52,55,49
58,Paul Grafer,male,28,10058,group D,some college,standard,completed,58,59,58
59,Scott Budnick,female,18,10059,group C,some high school,free/reduced,none,0,17,10
60,Kevin Hartman,male,21,10060,group E,bachelor's degree,free/reduced,completed,79,74,72
61,Tom Presthus,male,20,10061,group A,some high school,free/reduced,none,39,39,34
62,Mark Simpson,male,22,10062,group A,associate's degree,free/reduced,none,62,61,55
63,Chris Snitko,female,20,10063,group C,associate's degree,standard,none,69,80,71
64,David Winner,female,23,10064,group D,some high school,standard,none,59,58,59
65,Scott Coufal,male,25,10065,group B,some high school,standard,none,67,64,61
66,Zach Thornton,male,28,10066,group D,some high school,free/reduced,none,45,37,37
67,Garth Lagerwey,female,28,10067,group C,some college,standard,none,60,72,74
68,Tom Liner,male,24,10068,group B,associate's degree,free/reduced,none,61,58,56
69,Marcus Roy,female,18,10069,group C,associate's degree,standard,none,39,64,57
70,Jeff Cassar,female,28,10070,group D,some college,free/reduced,completed,58,63,73
71,Aidan Heaney,male,19,10071,group D,some college,standard,completed,63,55,63
72,Tony Meola,female,18,10072,group A,associate's degree,free/reduced,none,41,51,48
73,Kevin Hartman,male,20,10073,group C,some high school,free/reduced,none,61,57,56
74,Marcus Hahnemann,male,21,10074,group C,some high school,standard,none,49,49,41
75,Mike Ammann,male,21,10075,group B,associate's degree,free/reduced,none,44,41,38
76,Ian Feuer,male,27,10076,group E,some high school,standard,none,30,26,22
77,Zach Thornton,male,18,10077,group A,bachelor's degree,standard,completed,80,78,81
78,Scott Garlick,female,25,10078,group D,some high school,standard,completed,61,74,72
79,Mark Dodd,female,20,10079,group E,master's degree,standard,none,62,68,68
80,David Kramer,female,27,10080,group B,associate's degree,standard,none,47,49,50
81,Thomas Ravelli,male,18,10081,group B,high school,free/reduced,none,49,45,45
82,Juergen Sommer,male,24,10082,group A,some college,free/reduced,completed,50,47,54
83,Jeff Cassar,male,22,10083,group E,associate's degree,standard,none,72,64,63
84,Doug Petras,male,18,10084,group D,high school,free/reduced,none,42,39,34
85,Mark Dougherty,female,20,10085,group C,some college,standard,none,73,80,82
86,Jeff Causey,female,26,10086,group C,some college,free/reduced,none,76,83,88
87,Andy Kirk,female,21,10087,group D,associate's degree,standard,none,71,71,74
88,Jorge Campos,female,26,10088,group A,some college,standard,none,58,70,67
89,Garth Lagerwey,female,24,10089,group D,some high school,standard,none,73,86,82
90,Tom Presthus,female,20,10090,group C,bachelor's degree,standard,none,65,72,74
91,Matt Reis,male,24,10091,group C,high school,free/reduced,none,27,34,36
92,Chris Snitko,male,19,10092,group C,high school,standard,none,71,79,71
93,David Winner,male,18,10093,group C,associate's degree,free/reduced,completed,43,45,50
94,Paul Grafer,female,28,10094,group B,some college,standard,none,79,86,92
95,Matt Napoleon,male,20,10095,group C,associate's degree,free/reduced,completed,78,81,82
96,Scott Budnick,male,20,10096,group B,some high school,standard,completed,65,66,62
97,Mark Simpson,female,23,10097,group E,some college,standard,completed,63,72,70
98,Matt Jordan,female,24,10098,group D,some college,free/reduced,none,58,67,62
99,Bill Andracki,female,18,10099,group D,bachelor's degree,standard,none,65,67,62
100,Tim Howard,male,23,10100,group B,some college,standard,none,79,67,67
101,Scott Coufal,male,27,10101,group D,bachelor's degree,standard,completed,68,74,74
102,Randy Dedini,female,20,10102,group D,associate's degree,standard,none,85,91,89
103,Manuel Carou,male,27,10103,group B,high school,standard,completed,60,44,47
104,Kevin East,male,20,10104,group C,some college,standard,completed,98,86,90
105,Dusty Hudock,female,27,10105,group C,some college,standard,none,58,67,72
106,Emmett Idzahl,female,26,10106,group D,master's degree,standard,none,87,100,100
107,Jeremy Oetman,male,27,10107,group E,associate's degree,standard,completed,66,63,64
108,Reginald Pierre-Jerome,female,19,10108,group B,associate's degree,free/reduced,none,52,76,70
109,Kevin Rueda,female,20,10109,group B,some high school,standard,none,70,64,72
110,Mike Littman,female,25,10110,group D,associate's degree,free/reduced,completed,77,89,98
111,Mike McGinty,male,18,10111,group C,high school,standard,none,62,55,49
112,David Allred,male,19,10112,group A,associate's degree,standard,none,54,53,47
113,Joe Cannon,female,20,10113,group D,some college,standard,none,51,58,54
114,Kevin Hartman,female,18,10114,group E,bachelor's degree,standard,completed,99,100,100
115,Mark Dougherty,male,26,10115,group C,high school,standard,none,84,77,74
116,Zach Thornton,female,25,10116,group B,bachelor's degree,free/reduced,none,75,85,82
117,Matt Jordan,female,27,10117,group D,bachelor's degree,standard,none,78,82,79
118,Scott Garlick,female,21,10118,group D,some high school,standard,none,51,63,61
119,Tom Presthus,female,22,10119,group C,some college,standard,none,55,69,65
120,Walter Zenga,female,22,10120,group C,bachelor's degree,standard,completed,79,92,89
121,Mike Ammann,male,25,10121,group B,associate's degree,standard,completed,91,89,92
122,Joe Cannon,female,26,10122,group C,some college,standard,completed,88,93,93
123,Ian Feuer,male,21,10123,group D,high school,free/reduced,none,63,57,56
124,Jeff Causey,male,28,10124,group E,some college,standard,none,83,80,73
125,Garth Lagerwey,female,28,10125,group B,high school,standard,none,87,95,86
126,Chris Snitko,male,22,10126,group B,some high school,standard,none,72,68,67
127,Jeff Cassar,male,23,10127,group D,some college,standard,completed,65,77,74
128,Marcus Hahnemann,male,18,10128,group D,master's degree,standard,none,82,82,74
129,Mark Simpson,female,26,10129,group A,bachelor's degree,standard,none,51,49,51
130,Tim Howard,male,19,10130,group D,master's degree,standard,none,89,84,82
131,Tony Meola,male,27,10131,group C,some high school,free/reduced,completed,53,37,40
132,David Winner,male,28,10132,group E,some college,free/reduced,completed,87,74,70
133,David Kramer,female,20,10133,group C,some college,standard,completed,75,81,84
134,Mark Dodd,male,21,10134,group D,bachelor's degree,free/reduced,completed,74,79,75
135,Andy Kirk,male,27,10135,group C,bachelor's degree,standard,none,58,55,48
136,Greg Sutton,male,22,10136,group B,some high school,standard,completed,51,54,41
137,Dusty Hudock,male,26,10137,group E,high school,standard,none,70,55,56
138,Matt Napoleon,female,23,10138,group C,associate's degree,standard,none,59,66,67
139,Matt Reis,male,27,10139,group D,some college,standard,completed,71,61,69
140,Russell Payne,female,18,10140,group D,some high school,standard,none,76,72,71
141,Cesar Delgado,female,18,10141,group C,some college,free/reduced,none,59,62,64
142,Kevin East,female,24,10142,group E,some college,free/reduced,completed,42,55,54
143,Randy Dedini,male,27,10143,group A,high school,standard,none,57,43,47
144,Kori Hunter,male,28,10144,group D,some college,standard,none,88,73,78
145,Kurt Kelley,female,28,10145,group C,some college,free/reduced,none,22,39,33
146,Anthony Latronica,male,22,10146,group B,some high school,standard,none,88,84,75
147,Mike Littman,male,27,10147,group C,associate's degree,free/reduced,none,73,68,66
148,Bill May,female,25,10148,group D,bachelor's degree,standard,completed,68,75,81
149,Steve McAnulty,male,22,10149,group E,associate's degree,free/reduced,completed,100,100,93
150,Mike McGinty,male,24,10150,group A,some high school,standard,completed,62,67,69
151,Johnny Morton,male,28,10151,group A,bachelor's degree,standard,none,77,67,68
152,David Allred,female,25,10152,group B,associate's degree,standard,completed,59,70,66
153,Bill Andracki,male,27,10153,group D,bachelor's degree,standard,none,54,49,47
154,Juergen Sommer,male,25,10154,group D,some high school,standard,none,62,67,61
155,Jon Busch,female,23,10155,group C,some college,standard,completed,70,89,88
156,Miguel Pineda,female,22,10156,group E,high school,free/reduced,completed,66,74,78
157,Matt Nyman,male,20,10157,group B,some college,free/reduced,none,60,60,60
158,J.J. Wozniak,female,26,10158,group B,associate's degree,standard,completed,61,86,87
159,Scott Vallow,male,19,10159,group D,associate's degree,free/reduced,none,66,62,64
160,Jim Welch,male,19,10160,group B,associate's degree,free/reduced,completed,82,78,74
161,Scott Garlick,female,20,10161,group E,some college,free/reduced,completed,75,88,85
162,Tony Meola,male,21,10162,group B,master's degree,free/reduced,none,49,53,52
163,Matt Jordan,male,21,10163,group C,high school,standard,none,52,53,49
164,Joe Cannon,female,27,10164,group E,master's degree,standard,none,81,92,91
165,Kevin Hartman,female,28,10165,group C,bachelor's degree,standard,completed,96,100,100
166,Mark Dougherty,male,23,10166,group C,high school,free/reduced,completed,53,51,51
167,Zach Thornton,female,25,10167,group B,master's degree,free/reduced,completed,58,76,78
168,Mike Ammann,female,19,10168,group B,high school,standard,completed,68,83,78
169,Jeff Causey,female,23,10169,group C,some college,free/reduced,completed,67,75,70
170,Nick Rimando,male,22,10170,group A,high school,standard,completed,72,73,74
171,Tom Presthus,male,26,10171,group E,some high school,standard,none,94,88,78
172,David Kramer,female,20,10172,group D,some college,standard,none,79,86,81
173,Adin Brown,female,23,10173,group C,associate's degree,standard,none,63,67,70
174,Mark Simpson,female,23,10174,group C,bachelor's degree,free/reduced,completed,43,51,54
175,Juergen Sommer,female,24,10175,group C,master's degree,standard,completed,81,91,87
176,Jeff Cassar,female,26,10176,group B,high school,free/reduced,completed,46,54,58
177,Tim Howard,female,21,10177,group C,associate's degree,standard,completed,71,77,77
178,Matt Napoleon,female,20,10178,group B,master's degree,free/reduced,completed,52,70,62
179,Jon Conway,female,21,10179,group D,some high school,standard,completed,97,100,100
180,Matt Reis,male,27,10180,group C,master's degree,free/reduced,completed,62,68,75
181,Chris Snitko,female,22,10181,group C,some college,free/reduced,none,46,64,66
182,Garth Lagerwey,female,27,10182,group E,high school,standard,none,50,50,47
183,Greg Sutton,female,25,10183,group D,associate's degree,standard,none,65,69,70
184,Paul Grafer,male,19,10184,group C,some high school,free/reduced,completed,45,52,49
185,Paul Marcoullier,male,19,10185,group C,associate's degree,free/reduced,completed,65,67,65
186,Russell Payne,male,19,10186,group E,high school,standard,none,80,76,65
187,Johann Noetzel,male,23,10187,group D,some high school,standard,completed,62,66,68
188,Bo Oshoniyi,male,21,10188,group B,some high school,free/reduced,none,48,52,45
189,Preston Burpo,female,25,10189,group C,bachelor's degree,standard,none,77,88,87
190,Chuck Browder,female,23,10190,group E,associate's degree,standard,none,66,65,69
191,Scott Budnick,male,28,10191,group D,some college,standard,completed,76,83,79
192,Jon Busch,female,21,10192,group B,some high school,standard,none,62,64,66
193,Matt Nyman,male,21,10193,group D,some college,standard,completed,77,62,62
194,Anthony Latronica,female,26,10194,group C,master's degree,standard,completed,69,84,85
195,Matt Nelson,male,21,10195,group D,associate's degree,standard,none,61,55,52
196,Andy Kirk,male,18,10196,group C,some high school,free/reduced,completed,59,69,65
197,Greg Connel,male,23,10197,group E,high school,free/reduced,none,55,56,51
198,Rich Cullen,female,20,10198,group B,some college,free/reduced,none,45,53,55
199,Randy Dedini,female,20,10199,group B,bachelor's degree,free/reduced,none,78,79,76
200,Tom Tate,female,27,10200,group C,associate's degree,standard,completed,67,84,86
201,Scott Vallow,female,23,10201,group D,some college,free/reduced,none,65,81,77
202,Peter Van Deven,male,21,10202,group C,associate's degree,standard,none,69,77,69
203,David Winner,female,22,10203,group B,associate's degree,standard,none,57,69,68
204,Zach Thornton,male,25,10204,group C,some college,standard,none,59,41,42
205,Tim Howard,male,24,10205,group D,some high school,standard,completed,74,71,78
206,Matt Jordan,male,27,10206,group E,bachelor's degree,standard,none,82,62,62
207,Scott Garlick,male,18,10207,group E,high school,standard,completed,81,80,76
208,Nick Rimando,female,19,10208,group B,some college,free/reduced,none,74,81,76
209,Joe Cannon,female,26,10209,group B,some college,free/reduced,none,58,61,66
210,Tom Presthus,male,24,10210,group D,some high school,free/reduced,completed,80,79,79
211,Adin Brown,male,27,10211,group C,some college,free/reduced,none,35,28,27
212,Mike Ammann,female,27,10212,group C,high school,free/reduced,none,42,62,60
213,Tony Meola,male,27,10213,group C,associate's degree,free/reduced,completed,60,51,56
214,Matt Reis,male,25,10214,group E,high school,standard,completed,87,91,81
215,Bo Oshoniyi,male,27,10215,group B,some high school,standard,completed,84,83,75
216,Jeff Causey,female,20,10216,group E,associate's degree,free/reduced,completed,83,86,88
217,Kevin Hartman,female,21,10217,group C,high school,free/reduced,none,34,42,39
218,Juergen Sommer,male,20,10218,group B,high school,free/reduced,none,66,77,70
219,Jose Fernandez,male,21,10219,group B,some high school,standard,completed,61,56,56
220,Mark Simpson,female,28,10220,group D,high school,standard,completed,56,68,74
221,David Kramer,male,20,10221,group B,associate's degree,standard,none,87,85,73
222,Mark Dougherty,female,24,10222,group C,some high school,free/reduced,none,55,65,62
223,Chris Snitko,male,28,10223,group D,some high school,standard,none,86,80,75
224,Jon Conway,female,25,10224,group B,associate's degree,standard,completed,52,66,73
225,Jeff Cassar,female,23,10225,group E,master's degree,free/reduced,none,45,56,54
226,Henry Ring,female,25,10226,group C,some college,standard,none,72,72,71
227,Taly Goode,male,25,10227,group D,high school,standard,none,57,50,54
228,D.J. Countess,male,22,10228,group A,some high school,free/reduced,none,68,72,64
229,Paul Grafer,female,25,10229,group C,some college,standard,completed,88,95,94
230,Rich Cullen,male,22,10230,group D,some college,standard,none,76,64,66
231,Randy Dedini,male,25,10231,group C,associate's degree,standard,none,46,43,42
232,Alex Deegan,female,24,10232,group B,bachelor's degree,standard,none,67,86,83
233,Anthony Latronica,male,20,10233,group E,some high school,standard,none,92,87,78
234,Jon Lowery,male,23,10234,group C,bachelor's degree,standard,completed,83,82,84
235,Dan Moss,male,24,10235,group D,associate's degree,standard,none,80,75,77
236,Matt Napoleon,male,23,10236,group D,bachelor's degree,free/reduced,none,63,66,67
237,Matt Nyman,female,21,10237,group D,some high school,standard,completed,64,60,74
238,Ronnie Pascale,male,27,10238,group B,some college,standard,none,54,52,51
239,Eric Pogue,male,21,10239,group C,associate's degree,standard,none,84,80,80
240,Dan Popik,male,26,10240,group D,high school,free/reduced,completed,73,68,66
241,Adam Throop,female,25,10241,group E,bachelor's degree,standard,none,80,83,83
242,Joe Warren,female,24,10242,group D,high school,standard,none,56,52,55
243,David Winner,male,23,10243,group E,some college,standard,none,59,51,43
244,T.J. Hannig,male,21,10244,group D,some high school,standard,none,75,74,69
245,Preston Burpo,male,19,10245,group C,associate's degree,standard,none,85,76,71
246,Cole Burgman,male,26,10246,group E,associate's degree,standard,none,89,76,74
247,Nick Rimando,female,18,10247,group B,high school,standard,completed,58,70,68
248,Tim Howard,female,20,10248,group B,high school,standard,none,65,64,62
249,Zach Thornton,male,25,10249,group C,high school,standard,none,68,60,53
250,Matt Jordan,male,25,10250,group A,some high school,standard,completed,47,49,49
251,Joe Cannon,female,21,10251,group D,some college,free/reduced,none,71,83,83
252,Kevin Hartman,female,27,10252,group B,some high school,standard,completed,60,70,70
253,Tony Meola,male,18,10253,group D,master's degree,standard,none,80,80,72
254,Adin Brown,male,22,10254,group D,high school,standard,none,54,52,52
255,Tom Presthus,female,27,10255,group E,some college,standard,none,62,73,70
256,Scott Garlick,female,18,10256,group C,associate's degree,free/reduced,none,64,73,68
257,Jon Busch,male,22,10257,group C,associate's degree,standard,completed,78,77,77
258,Bo Oshoniyi,female,23,10258,group B,some college,standard,none,70,75,78
259,David Kramer,female,19,10259,group C,master's degree,free/reduced,completed,65,81,81
260,Juergen Sommer,female,24,10260,group C,some high school,free/reduced,completed,64,79,77
261,Matt Reis,male,26,10261,group C,some college,standard,completed,79,79,78
262,Jon Conway,female,22,10262,group C,some high school,free/reduced,none,44,50,51
263,Paul Grafer,female,22,10263,group E,high school,standard,none,99,93,90
264,Henry Ring,male,24,10264,group D,high school,standard,none,76,73,68
265,D.J. Countess,male,28,10265,group D,some high school,free/reduced,none,59,42,41
266,Taly Goode,female,21,10266,group C,bachelor's degree,standard,none,63,75,81
267,Jeff Cassar,female,20,10267,group D,high school,standard,none,69,72,77
268,Greg Sutton,female,23,10268,group D,associate's degree,standard,completed,88,92,95
269,Rich Cullen,female,24,10269,group E,some college,free/reduced,none,71,76,70
270,Bryheem Hancock,male,23,10270,group C,bachelor's degree,standard,none,69,63,61
271,Jon Lowery,male,19,10271,group C,some college,standard,none,58,49,42
272,Josh Lynk,female,19,10272,group D,associate's degree,free/reduced,none,47,53,58
273,Mike McGinty,female,18,10273,group D,some college,standard,none,65,70,71
274,Matt Napoleon,male,26,10274,group B,some college,standard,completed,88,85,76
275,Dan Sirota,male,28,10275,group C,bachelor's degree,standard,none,83,78,73
276,Dmitri Strunkin,female,28,10276,group C,some high school,standard,completed,85,92,93
277,Michael Ueltschey,female,19,10277,group E,high school,standard,completed,59,63,75
278,Scott Vallow,female,21,10278,group C,some high school,free/reduced,none,65,86,80
279,Chris Wanamaker,male,26,10279,group B,bachelor's degree,free/reduced,none,73,56,57
280,Zach Thornton,male,28,10280,group D,high school,standard,none,53,52,42
281,Kevin Hartman,male,24,10281,group D,high school,standard,none,45,48,46
282,Tony Meola,female,19,10282,group D,bachelor's degree,free/reduced,none,73,79,84
283,Pat Onstad,female,25,10283,group D,some college,free/reduced,completed,70,78,78
284,Scott Garlick,female,20,10284,group B,some high school,standard,none,37,46,46
285,Nick Rimando,male,21,10285,group B,associate's degree,standard,completed,81,82,82
286,Adin Brown,male,19,10286,group E,associate's degree,standard,completed,97,82,88
287,D.J. Countess,female,27,10287,group B,some high school,standard,none,67,89,82
288,Jon Busch,male,21,10288,group B,bachelor's degree,free/reduced,none,88,75,76
289,Jonny Walker,male,19,10289,group E,some high school,standard,completed,77,76,77
290,Tim Howard,male,27,10290,group C,associate's degree,standard,none,76,70,68
291,Jeff Cassar,male,24,10291,group D,some high school,standard,none,86,73,70
292,Tom Presthus,male,18,10292,group C,some high school,standard,completed,63,60,57
293,Doug Warren,female,28,10293,group E,bachelor's degree,standard,none,65,73,75
294,Matt Reis,male,27,10294,group D,high school,free/reduced,completed,78,77,80
295,Scott Vallow,male,24,10295,group B,associate's degree,free/reduced,none,67,62,60
296,Paul Grafer,male,25,10296,group A,some high school,standard,completed,46,41,43
297,Jon Conway,male,18,10297,group E,associate's degree,standard,completed,71,74,68
298,Bo Oshoniyi,male,27,10298,group C,high school,free/reduced,completed,40,46,50
299,Kyle Singer,male,21,10299,group D,associate's degree,free/reduced,none,90,87,75
300,Henry Ring,male,27,10300,group A,some college,free/reduced,completed,81,78,81
301,Dan Popik,male,19,10301,group D,some high school,free/reduced,none,56,54,52
302,Curtis Spiteri,female,20,10302,group C,associate's degree,standard,completed,67,84,81
303,Joe Cannon,male,25,10303,group B,associate's degree,standard,none,80,76,64
304,Clint Baumstark,female,27,10304,group C,associate's degree,standard,completed,74,75,83
305,Byron Foss,male,24,10305,group A,some college,standard,none,69,67,69
306,Jorge Geddes,male,19,10306,group E,some college,standard,completed,99,87,81
307,Mike McGinty,male,28,10307,group C,some high school,standard,none,51,52,44
308,Michael Ueltschey,female,19,10308,group B,associate's degree,free/reduced,none,53,71,67
309,Josh Saunders,female,20,10309,group D,high school,free/reduced,none,49,57,52
310,Taly Goode,female,24,10310,group B,associate's degree,standard,none,73,76,80
311,Kevin Hartman,male,19,10311,group B,bachelor's degree,standard,none,66,60,57
312,Joe Cannon,male,26,10312,group D,bachelor's degree,standard,completed,67,61,68
313,Jon Busch,female,21,10313,group C,associate's degree,free/reduced,completed,68,67,69
314,Henry Ring,female,24,10314,group C,bachelor's degree,standard,completed,59,64,75
315,Jonny Walker,male,28,10315,group C,high school,standard,none,71,66,65
316,Pat Onstad,female,24,10316,group D,master's degree,standard,completed,77,82,91
317,Matt Reis,male,26,10317,group C,associate's degree,standard,none,83,72,78
318,Tony Meola,male,27,10318,group B,bachelor's degree,standard,none,63,71,69
319,Jeff Cassar,female,24,10319,group D,associate's degree,free/reduced,none,56,65,63
320,Troy Perkins,female,22,10320,group C,high school,free/reduced,completed,67,79,84
321,Nick Rimando,female,28,10321,group E,high school,standard,none,75,86,79
322,Scott Garlick,female,22,10322,group C,some college,standard,none,71,81,80
323,Bo Oshoniyi,female,25,10323,group C,some high school,free/reduced,none,43,53,53
324,Adin Brown,female,27,10324,group C,high school,free/reduced,none,41,46,43
325,Jon Conway,female,23,10325,group C,some college,standard,none,82,90,94
326,D.J. Countess,male,25,10326,group C,some college,standard,none,61,61,62
327,Zach Wells,male,26,10327,group A,some college,free/reduced,none,28,23,19
328,Dan Popik,male,21,10328,group C,associate's degree,standard,completed,82,75,77
329,Matt Jordan,female,25,10329,group B,some high school,standard,none,41,55,51
330,Doug Warren,male,24,10330,group C,high school,standard,none,71,60,61
331,Matt Pickens,male,19,10331,group C,associate's degree,standard,none,47,37,35
332,William Hesmer,male,22,10332,group E,associate's degree,standard,completed,62,56,53
333,Zach Thornton,male,19,10333,group B,associate's degree,standard,none,90,78,81
334,Kyle Singer,female,25,10334,group C,bachelor's degree,standard,none,83,93,95
335,Andrew Terris,female,20,10335,group B,some college,free/reduced,none,61,68,66
336,Scott Vallow,male,26,10336,group D,some high school,standard,completed,76,70,69
337,Steve Cronin,male,27,10337,group C,associate's degree,standard,none,49,51,43
338,Clint Baumstark,female,22,10338,group B,some high school,free/reduced,none,24,38,27
339,Peter Billmeyer,female,24,10339,group D,some high school,free/reduced,completed,35,55,60
340,Pat Onstad,male,24,10340,group C,high school,free/reduced,none,58,61,52
341,Bo Oshoniyi,female,21,10341,group C,high school,standard,none,61,73,63
342,Matt Reis,female,21,10342,group B,high school,standard,completed,69,76,74
343,Kevin Hartman,male,27,10343,group D,associate's degree,standard,completed,67,72,67
344,Nick Rimando,male,23,10344,group D,some college,standard,none,79,73,67
345,Scott Garlick,female,19,10345,group C,high school,standard,none,72,80,75
346,Zach Thornton,male,25,10346,group B,some college,standard,none,62,61,57
347,Joe Cannon,female,20,10347,group C,bachelor's degree,standard,completed,77,94,95
348,D.J. Countess,male,28,10348,group D,high school,free/reduced,none,75,74,66
349,Brad Guzan,male,26,10349,group E,associate's degree,standard,none,87,74,76
350,Zach Wells,female,21,10350,group B,bachelor's degree,standard,none,52,65,69
351,Jonny Walker,male,26,10351,group E,some college,standard,none,66,57,52
352,Tony Meola,female,20,10352,group C,some college,standard,completed,63,78,80
353,Jon Busch,female,25,10353,group C,associate's degree,standard,none,46,58,57
354,Byron Foss,female,22,10354,group C,some college,standard,none,59,71,70
355,Bill Gaudette,female,22,10355,group B,bachelor's degree,standard,none,61,72,70
356,Matt Pickens,male,22,10356,group A,associate's degree,standard,none,63,61,61
357,Sergio Garcia,female,22,10357,group C,some college,free/reduced,completed,42,66,69
358,Jay Nolly,male,23,10358,group D,some college,free/reduced,none,59,62,61
359,Jeff Cassar,female,28,10359,group D,some college,standard,none,80,90,89
360,Martin Zuniga,female,28,10360,group B,high school,standard,none,58,62,59
361,David Mahoney,male,24,10361,group B,some high school,standard,completed,85,84,78
362,Doug Warren,female,21,10362,group C,some college,standard,none,52,58,58
363,Troy Perkins,female,24,10363,group D,some high school,free/reduced,none,27,34,32
364,Matt Jordan,male,25,10364,group C,some college,standard,none,59,60,58
365,Dario Sala,male,24,10365,group A,bachelor's degree,free/reduced,completed,49,58,60
366,Steve Cronin,male,18,10366,group C,high school,standard,completed,69,58,53
367,Bouna Coundoul,male,23,10367,group C,bachelor's degree,free/reduced,none,61,66,61
368,Chris Gomez,female,19,10368,group A,some high school,free/reduced,none,44,64,58
369,Martin Hutton,female,19,10369,group D,some high school,standard,none,73,84,85
370,Shaun Kalnasy,male,18,10370,group E,some college,standard,none,84,77,71
371,Noah Palmer,female,18,10371,group C,some college,free/reduced,completed,45,73,70
372,Kyle Singer,male,25,10372,group D,some high school,standard,none,74,74,72
373,Andrew Terris,female,18,10373,group D,some college,standard,completed,82,97,96
374,T.J. Tomasso,female,23,10374,group D,bachelor's degree,standard,none,59,70,73
375,Michael Ueltschey,male,23,10375,group E,associate's degree,free/reduced,none,46,43,41
376,William Hesmer,female,19,10376,group D,some high school,standard,none,80,90,82
377,Jon Conway,female,18,10377,group D,master's degree,free/reduced,completed,85,95,100
378,Robby Fulton,female,26,10378,group A,some high school,standard,none,71,83,77
379,Josh Saunders,male,19,10379,group A,bachelor's degree,standard,none,66,64,62
380,Andrew Weber,female,18,10380,group B,associate's degree,standard,none,80,86,83
381,Javier Barragan,male,28,10381,group C,associate's degree,standard,completed,87,100,95
382,Clint Baumstark,male,23,10382,group C,master's degree,free/reduced,none,79,81,71
383,Michael Cardenas,female,23,10383,group E,some high school,free/reduced,none,38,49,45
384,Pat Onstad,female,26,10384,group A,some high school,free/reduced,none,38,43,43
385,Matt Reis,female,28,10385,group E,some college,standard,none,67,76,75
386,Scott Garlick,female,24,10386,group E,bachelor's degree,standard,none,64,73,70
387,Troy Perkins,female,28,10387,group C,associate's degree,free/reduced,none,57,78,67
388,Bo Oshoniyi,female,20,10388,group D,high school,standard,none,62,64,64
389,Joe Cannon,male,19,10389,group D,master's degree,standard,none,73,70,75
390,Dario Sala,male,27,10390,group E,some high school,free/reduced,completed,73,67,59
391,Kevin Hartman,female,26,10391,group D,some college,standard,none,77,68,77
392,Zach Thornton,male,28,10392,group E,some college,standard,none,76,67,67
393,Tony Meola,male,26,10393,group C,associate's degree,standard,completed,57,54,56
394,Preston Burpo,female,21,10394,group C,some high school,standard,completed,65,74,77
395,Brad Guzan,male,27,10395,group A,high school,free/reduced,none,48,45,41
396,Jon Conway,female,22,10396,group B,high school,free/reduced,none,50,67,63
397,Bill Gaudette,female,26,10397,group C,associate's degree,standard,none,85,89,95
398,Noah Palmer,male,24,10398,group B,some high school,standard,none,74,63,57
399,Jon Busch,male,22,10399,group D,some high school,standard,none,60,59,54
400,Matt Pickens,female,22,10400,group C,some high school,standard,completed,59,54,67
401,Bouna Coundoul,male,18,10401,group A,some college,standard,none,53,43,43
402,Shaka Hislop,female,21,10402,group A,some college,free/reduced,none,49,65,55
403,Steve Cronin,female,22,10403,group D,high school,standard,completed,88,99,100
404,Andy Gruenebaum,female,19,10404,group C,high school,standard,none,54,59,62
405,William Hesmer,female,23,10405,group C,some high school,standard,none,63,73,68
406,Jay Nolly,male,22,10406,group B,associate's degree,standard,completed,65,65,63
407,Nick Rimando,female,21,10407,group B,associate's degree,standard,none,82,80,77
408,Jeff Cassar,female,23,10408,group D,high school,free/reduced,completed,52,57,56
409,Dan Popik,male,21,10409,group D,associate's degree,standard,completed,87,84,85
410,T.J. Tomasso,female,21,10410,group D,master's degree,standard,completed,70,71,74
411,Chase Harrison,male,27,10411,group E,some college,standard,completed,84,83,78
412,Matt Jordan,male,27,10412,group D,associate's degree,standard,none,71,66,60
413,Doug Warren,male,20,10413,group B,some high school,standard,completed,63,67,67
414,Jonny Walker,female,23,10414,group C,bachelor's degree,free/reduced,completed,51,72,79
415,David Mahoney,male,18,10415,group E,high school,standard,none,84,73,69
416,Eric Kronberg,male,22,10416,group C,bachelor's degree,standard,completed,71,74,68
417,Ray Burse,male,25,10417,group C,associate's degree,standard,none,74,73,67
418,Zach Wells,male,20,10418,group D,some college,standard,none,68,59,62
419,Josh Saunders,male,28,10419,group E,high school,free/reduced,completed,57,56,54
420,Nick Armington,female,19,10420,group C,associate's degree,free/reduced,completed,82,93,93
421,Michael Behonick,female,21,10421,group D,high school,standard,completed,57,58,64
422,Chris Dunsheath,female,22,10422,group D,master's degree,free/reduced,completed,47,58,67
423,Peter Dzubay,female,21,10423,group A,some high school,standard,completed,59,85,80
424,Martin Hutton,male,23,10424,group B,some college,free/reduced,none,41,39,34
425,Dominik Jakubek,female,28,10425,group C,some college,free/reduced,none,62,67,62
426,Ryan McIntosh,male,23,10426,group C,bachelor's degree,standard,none,86,83,86
427,Bouna Coundoul,male,23,10427,group C,some high school,free/reduced,none,69,71,65
428,Kevin Hartman,male,21,10428,group A,some high school,free/reduced,none,65,59,53
429,Matt Reis,male,21,10429,group C,some high school,free/reduced,none,68,63,54
430,Joe Cannon,male,26,10430,group C,associate's degree,free/reduced,none,64,66,59
431,Troy Perkins,female,19,10431,group C,high school,standard,none,61,72,70
432,Pat Onstad,male,19,10432,group C,high school,standard,none,61,56,55
433,Nick Rimando,female,20,10433,group A,some high school,free/reduced,none,47,59,50
434,Matt Pickens,male,18,10434,group C,some high school,standard,none,73,66,66
435,Brad Guzan,male,21,10435,group C,some college,free/reduced,completed,50,48,53
436,William Hesmer,male,27,10436,group D,associate's degree,standard,none,75,68,64
437,Ronald Waterreus,male,23,10437,group D,associate's degree,free/reduced,none,75,66,73
438,Dario Sala,male,19,10438,group C,high school,standard,none,70,56,51
439,Jon Conway,male,22,10439,group D,some high school,standard,completed,89,88,82
440,Kenny Stamatopoulos,female,18,10440,group C,some college,standard,completed,67,81,79
441,Andy Gruenebaum,female,23,10441,group D,high school,standard,none,78,81,80
442,Srdjan Djekanovic,female,27,10442,group A,some high school,free/reduced,none,59,73,69
443,Greg Sutton,female,18,10443,group B,associate's degree,standard,none,73,83,76
444,Shaka Hislop,male,27,10444,group A,some high school,free/reduced,none,79,82,73
445,Ray Burse,female,27,10445,group C,some high school,standard,completed,67,74,77
446,Zach Wells,male,26,10446,group D,some college,free/reduced,none,69,66,60
447,Preston Burpo,male,22,10447,group C,high school,standard,completed,86,81,80
448,Jon Busch,male,20,10448,group B,high school,standard,none,47,46,42
449,Chris Seitz,male,28,10449,group B,associate's degree,standard,none,81,73,72
450,Sam Reynolds,female,18,10450,group C,some college,free/reduced,completed,64,85,85
451,Zach Thornton,female,26,10451,group E,some college,standard,none,100,92,97
452,Jay Nolly,female,19,10452,group C,associate's degree,free/reduced,none,65,77,74
453,Steve Cronin,male,22,10453,group C,some college,free/reduced,none,65,58,49
454,David Monsalve,female,23,10454,group C,associate's degree,free/reduced,none,53,61,62
455,Justin Myers,male,18,10455,group C,bachelor's degree,free/reduced,none,37,56,47
456,Matt Wideman,female,21,10456,group D,bachelor's degree,standard,none,79,89,89
457,Lance Friesz,male,25,10457,group D,associate's degree,free/reduced,none,53,54,48
458,Kyle Reynish,female,22,10458,group E,bachelor's degree,standard,none,100,100,100
459,Jordan James,male,26,10459,group B,high school,standard,completed,72,65,68
460,Nick Noble,male,26,10460,group C,bachelor's degree,free/reduced,none,53,58,55
461,Bill Gaudette,male,19,10461,group B,some college,free/reduced,none,54,54,45
462,Justin Hughes,female,28,10462,group E,some college,standard,none,71,70,76
463,Shawn Crowe,female,28,10463,group C,some college,free/reduced,none,77,90,91
464,Eric Kronberg,male,18,10464,group A,bachelor's degree,standard,completed,75,58,62
465,Chris Konopka,female,20,10465,group C,some college,standard,none,84,87,91
466,Boris Pardo,female,27,10466,group D,associate's degree,free/reduced,none,26,31,38
467,Brad Knighton,male,19,10467,group A,high school,free/reduced,completed,72,67,65
468,Danny Cepero,female,25,10468,group A,high school,free/reduced,completed,77,88,85
469,Tomer Chencinski,male,18,10469,group C,some college,standard,none,91,74,76
470,Doug Warren,female,18,10470,group C,associate's degree,standard,completed,83,85,90
471,Nick Rimando,female,20,10471,group C,high school,standard,none,63,69,74
472,Jon Busch,female,27,10472,group C,associate's degree,standard,completed,68,86,84
473,Kevin Hartman,female,26,10473,group D,some high school,standard,none,59,67,61
474,Joe Cannon,female,21,10474,group B,associate's degree,standard,completed,90,90,91
475,William Hesmer,female,19,10475,group D,bachelor's degree,standard,completed,71,76,83
476,Matt Reis,male,19,10476,group E,bachelor's degree,standard,completed,76,62,66
477,Jon Conway,male,25,10477,group D,associate's degree,standard,none,80,68,72
478,Dario Sala,female,18,10478,group D,master's degree,standard,none,55,64,70
479,Pat Onstad,male,25,10479,group E,associate's degree,standard,none,76,71,67
480,Greg Sutton,male,28,10480,group B,high school,standard,completed,73,71,68
481,Steve Cronin,female,27,10481,group D,associate's degree,free/reduced,none,52,59,56
482,Zach Wells,male,21,10482,group C,some college,free/reduced,none,68,68,61
483,Bouna Coundoul,male,19,10483,group A,high school,standard,none,59,52,46
484,Brad Guzan,female,21,10484,group B,associate's degree,standard,none,49,52,54
485,Preston Burpo,male,21,10485,group C,high school,standard,none,70,74,71
486,Louis Crayton,male,23,10486,group D,some college,free/reduced,none,61,47,56
487,Dan Kennedy,female,21,10487,group C,associate's degree,free/reduced,none,60,75,74
488,Zach Thornton,male,23,10488,group B,some high school,standard,completed,64,53,57
489,Tony Caig,male,24,10489,group A,associate's degree,free/reduced,completed,79,82,82
490,Josh Wicks,female,26,10490,group A,associate's degree,free/reduced,none,65,85,76
491,Brian Edwards,female,27,10491,group C,associate's degree,standard,none,64,64,70
492,Doug Warren,female,27,10492,group C,some college,standard,none,83,83,90
493,Josh Saunders,female,22,10493,group C,bachelor's degree,standard,none,81,88,90
494,Ray Burse,female,20,10494,group B,high school,standard,none,54,64,68
495,Danny Cepero,male,25,10495,group D,high school,standard,completed,68,64,66
496,Andy Gruenebaum,female,28,10496,group C,some college,standard,none,54,48,52
497,Jose Carvallo,female,28,10497,group D,some college,free/reduced,completed,59,78,76
498,Caleb Patterson-Sewell,female,19,10498,group B,some high school,standard,none,66,69,68
499,Lance Parker,male,19,10499,group E,some college,standard,none,76,71,72
500,Josh Lambo,female,22,10500,group D,master's degree,standard,none,74,79,82
501,Corbin Waller,female,24,10501,group B,associate's degree,standard,completed,94,87,92
502,Charles Alamo,male,27,10502,group C,some college,free/reduced,none,63,61,54
503,Vito Higgins,female,20,10503,group E,associate's degree,standard,completed,95,89,92
504,Kenny Schoeni,female,25,10504,group D,master's degree,free/reduced,none,40,59,54
505,David Monsalve,female,18,10505,group B,some high school,standard,none,82,82,80
506,Justin Hughes,male,28,10506,group A,high school,standard,none,68,70,66
507,Eric Kronberg,male,18,10507,group B,bachelor's degree,free/reduced,none,55,59,54
508,Boris Pardo,male,18,10508,group C,master's degree,standard,none,79,78,77
509,Brad Knighton,female,20,10509,group C,bachelor's degree,standard,none,86,92,87
510,Nick Noble,male,25,10510,group D,some college,standard,none,76,71,73
511,Terry Boss,male,24,10511,group A,some high school,standard,none,64,50,43
512,Tyler Kettering,male,25,10512,group D,some high school,free/reduced,none,62,49,52
513,Andrew Kartunen,female,18,10513,group B,some high school,standard,completed,54,61,62
514,Chris Sharpe,female,28,10514,group B,master's degree,free/reduced,completed,77,97,94
515,Kyle Reynish,female,28,10515,group C,some high school,standard,completed,76,87,85
516,Chris Seitz,female,27,10516,group D,some college,standard,none,74,89,84
517,Mike Graczyk,female,28,10517,group E,some college,standard,completed,66,74,73
518,Dan Benton,female,22,10518,group D,some high school,standard,completed,66,78,78
519,James Thorpe,female,19,10519,group B,high school,free/reduced,completed,67,78,79
520,Michael Gustavson,male,27,10520,group D,some college,standard,none,71,49,52
521,Pat Onstad,female,23,10521,group C,associate's degree,standard,none,91,86,84
522,Jon Busch,male,25,10522,group D,bachelor's degree,standard,none,69,58,57
523,Kevin Hartman,male,26,10523,group C,master's degree,free/reduced,none,54,59,50
524,Kasey Keller,male,22,10524,group C,high school,standard,completed,53,52,49
525,Joe Cannon,male,22,10525,group E,some college,standard,none,68,60,59
526,Zach Thornton,male,28,10526,group C,some high school,free/reduced,completed,56,61,60
527,Donovan Ricketts,female,18,10527,group C,high school,free/reduced,none,36,53,43
528,Nick Rimando,female,24,10528,group D,bachelor's degree,free/reduced,none,29,41,47
529,Stefan Frei,female,20,10529,group C,associate's degree,standard,none,62,74,70
530,Matt Reis,female,25,10530,group C,associate's degree,standard,completed,68,67,73
531,Josh Wicks,female,24,10531,group C,some high school,standard,none,47,54,53
532,Matt Pickens,male,28,10532,group E,associate's degree,standard,completed,62,61,58
533,William Hesmer,female,18,10533,group E,associate's degree,standard,completed,79,88,94
534,Ray Burse,male,28,10534,group B,high school,standard,completed,73,69,68
535,Dario Sala,female,23,10535,group C,bachelor's degree,free/reduced,completed,66,83,83
536,Danny Cepero,male,21,10536,group C,associate's degree,standard,completed,51,60,58
537,Preston Burpo,female,25,10537,group D,high school,standard,none,51,66,62
538,Andy Gruenebaum,male,23,10538,group E,bachelor's degree,standard,completed,85,66,71
539,Jon Conway,male,25,10539,group A,associate's degree,standard,completed,97,92,86
540,Bouna Coundoul,male,21,10540,group C,high school,standard,completed,75,69,68
541,Josh Saunders,male,23,10541,group D,associate's degree,free/reduced,completed,79,82,80
542,Brad Knighton,female,20,10542,group C,associate's degree,standard,none,81,77,79
543,Louis Crayton,female,28,10543,group D,associate's degree,standard,none,82,95,89
544,Milos Kocic,female,20,10544,group D,master's degree,standard,none,64,63,66
545,Lance Parker,male,28,10545,group E,some high school,free/reduced,completed,78,83,80
546,Chris Seitz,female,27,10546,group A,some high school,standard,completed,92,100,97
547,Brian Edwards,male,27,10547,group C,high school,standard,completed,72,67,64
548,Greg Sutton,female,28,10548,group C,high school,free/reduced,none,62,67,64
549,Steve Cronin,male,23,10549,group C,master's degree,standard,none,79,72,69
550,Andrew Weber,male,18,10550,group C,some high school,free/reduced,none,79,76,65
551,Kyle Reynish,male,22,10551,group B,bachelor's degree,free/reduced,completed,87,90,88
552,Ben Dragavon,female,26,10552,group B,associate's degree,standard,none,40,48,50
553,Alec Dufty,male,28,10553,group D,some college,free/reduced,none,77,62,64
554,Chris Eylander,male,27,10554,group E,associate's degree,standard,none,53,45,40
555,Kenny Schoeni,female,19,10555,group C,some college,free/reduced,none,32,39,33
556,Josh Lambo,female,25,10556,group C,associate's degree,standard,completed,55,72,79
557,Dan Kennedy,male,25,10557,group C,master's degree,free/reduced,none,61,67,66
558,Mike Graczyk,female,23,10558,group B,associate's degree,free/reduced,none,53,70,70
559,Tally Hall,male,26,10559,group D,some high school,standard,none,73,66,62
560,Nick Noble,female,18,10560,group D,some college,standard,completed,74,75,79
561,Eric Kronberg,female,24,10561,group C,some college,standard,none,63,74,74
562,Boris Pardo,male,28,10562,group C,bachelor's degree,standard,completed,96,90,92
563,Zack Simmons,female,23,10563,group D,some college,free/reduced,completed,63,80,80
564,Terry Boss,male,22,10564,group B,bachelor's degree,free/reduced,none,48,51,46
565,Steward Ceus,male,20,10565,group B,associate's degree,standard,none,48,43,45
566,Andrew Dykstra,female,24,10566,group E,bachelor's degree,free/reduced,completed,92,100,100
567,Bobby Shuttleworth,female,28,10567,group D,master's degree,free/reduced,completed,61,71,78
568,Tyler Deric,male,22,10568,group B,high school,free/reduced,none,63,48,47
569,Kasey Keller,male,23,10569,group D,bachelor's degree,free/reduced,none,68,68,67
570,William Hesmer,male,23,10570,group B,some college,standard,completed,71,75,70
571,Donovan Ricketts,male,27,10571,group A,bachelor's degree,standard,none,91,96,92
572,Matt Pickens,female,23,10572,group C,some college,standard,none,53,62,56
573,Jimmy Nielsen,female,26,10573,group C,high school,free/reduced,completed,50,66,64
574,Stefan Frei,female,23,10574,group E,high school,standard,none,74,81,71
575,Bouna Coundoul,male,18,10575,group A,associate's degree,free/reduced,completed,40,55,53
576,Nick Rimando,male,22,10576,group A,some college,standard,completed,61,51,52
577,Zach Thornton,female,19,10577,group B,high school,standard,none,81,91,89
578,Chris Seitz,female,28,10578,group B,some college,free/reduced,completed,48,56,58
579,Pat Onstad,female,21,10579,group D,master's degree,standard,none,53,61,68
580,Troy Perkins,female,24,10580,group D,some high school,standard,none,81,97,96
581,Kevin Hartman,female,25,10581,group E,some high school,standard,none,77,79,80
582,Jon Busch,female,28,10582,group D,bachelor's degree,free/reduced,none,63,73,78
583,Andrew Dykstra,female,24,10583,group D,associate's degree,standard,completed,73,75,80
584,Matt Reis,female,20,10584,group D,some college,standard,none,69,77,77
585,Sean Johnson,female,20,10585,group C,associate's degree,standard,none,65,76,76
586,Joe Cannon,female,19,10586,group A,high school,standard,none,55,73,73
587,Preston Burpo,female,27,10587,group C,bachelor's degree,free/reduced,none,44,63,62
588,Dario Sala,female,25,10588,group C,some college,standard,none,54,64,65
589,Brad Knighton,female,19,10589,group A,some high school,standard,none,48,66,65
590,Bill Hamid,male,23,10590,group C,some college,free/reduced,none,58,57,54
591,Dan Kennedy,male,19,10591,group A,some high school,standard,none,71,62,50
592,Bobby Shuttleworth,male,27,10592,group E,bachelor's degree,standard,none,68,68,64
593,Tally Hall,female,19,10593,group E,high school,standard,none,74,76,73
594,Kyle Reynish,female,19,10594,group C,bachelor's degree,standard,completed,92,100,99
595,Greg Sutton,female,18,10595,group C,bachelor's degree,standard,completed,56,79,72
596,Milos Kocic,male,28,10596,group B,high school,free/reduced,none,30,24,15
597,Tyler Deric,male,21,10597,group A,some high school,standard,none,53,54,48
598,Terry Boss,female,24,10598,group D,high school,standard,none,69,77,73
599,Jon Conway,female,28,10599,group D,some high school,standard,none,65,82,81
600,Eric Kronberg,female,24,10600,group D,master's degree,standard,none,54,60,63
601,Kevin Guppy,female,18,10601,group C,high school,standard,none,29,29,30
602,Josh Saunders,female,19,10602,group E,some college,standard,none,76,78,80
603,Ian Joyce,male,26,10603,group D,high school,free/reduced,none,60,57,51
604,Josh Lambo,male,23,10604,group D,master's degree,free/reduced,completed,84,89,90
605,Josh Wicks,male,18,10605,group C,some high school,standard,none,75,72,62
606,Kenny Schoeni,female,28,10606,group C,associate's degree,standard,none,85,84,82
607,Steward Ceus,female,20,10607,group C,master's degree,free/reduced,none,40,58,54
608,Andrew Weber,female,21,10608,group E,some college,standard,none,61,64,62
609,Andy Gruenebaum,female,25,10609,group B,associate's degree,standard,none,58,63,65
610,Andrew Quinn,male,24,10610,group D,some college,free/reduced,completed,69,60,63
611,Tim Murray,female,24,10611,group C,some college,standard,none,58,59,66
612,Tim Melia,male,24,10612,group C,bachelor's degree,standard,completed,94,90,91
613,Jon Kempin,female,22,10613,group C,associate's degree,standard,none,65,77,74
614,Brian Perk,female,25,10614,group A,associate's degree,standard,none,82,93,93
615,Kasey Keller,female,24,10615,group C,high school,standard,none,60,68,72
616,Matt Pickens,female,19,10616,group E,bachelor's degree,standard,none,37,45,38
617,Tally Hall,male,19,10617,group D,bachelor's degree,standard,none,88,78,83
618,Kevin Hartman,male,24,10618,group D,master's degree,standard,none,95,81,84
619,Nick Rimando,male,28,10619,group C,associate's degree,free/reduced,completed,65,73,68
620,Jon Busch,female,24,10620,group C,high school,free/reduced,none,35,61,54
621,William Hesmer,male,27,10621,group B,bachelor's degree,free/reduced,none,62,63,56
622,Dan Kennedy,male,18,10622,group C,high school,free/reduced,completed,58,51,52
623,Jimmy Nielsen,male,21,10623,group A,some college,standard,completed,100,96,86
624,Troy Perkins,female,20,10624,group E,bachelor's degree,free/reduced,none,61,58,62
625,Bill Hamid,male,26,10625,group D,some college,standard,completed,100,97,99
626,Sean Johnson,male,28,10626,group B,associate's degree,free/reduced,completed,69,70,63
627,Faryd Mondragn,male,21,10627,group D,associate's degree,standard,none,61,48,46
628,Stefan Frei,male,25,10628,group D,some college,free/reduced,none,49,57,46
629,Matt Reis,female,27,10629,group C,some high school,standard,completed,44,51,55
630,Joe Cannon,male,18,10630,group D,some college,standard,none,67,64,70
631,Josh Saunders,male,25,10631,group B,high school,standard,none,79,60,65
632,Donovan Ricketts,female,23,10632,group B,bachelor's degree,standard,completed,66,74,81
633,Jay Nolly,female,23,10633,group C,high school,standard,none,75,88,85
634,Bouna Coundoul,male,24,10634,group D,some high school,standard,none,84,84,80
635,Frank Rost,male,28,10635,group A,high school,standard,none,71,74,64
636,Greg Sutton,female,23,10636,group B,high school,free/reduced,completed,67,80,81
637,Milos Kocic,female,19,10637,group D,some high school,standard,completed,80,92,88
638,Zac MacMath,male,19,10638,group E,some college,standard,none,86,76,74
639,Bobby Shuttleworth,female,27,10639,group D,associate's degree,standard,none,76,74,73
640,Jon Conway,male,21,10640,group D,high school,standard,none,41,52,51
641,Eric Kronberg,female,18,10641,group D,associate's degree,free/reduced,completed,74,88,90
642,Jake Gleeson,female,21,10642,group B,some high school,free/reduced,none,72,81,79
643,Joe Willis,female,18,10643,group E,high school,standard,completed,74,79,80
644,Pat Onstad,male,22,10644,group B,high school,standard,none,70,65,60
645,Steve Cronin,female,21,10645,group B,bachelor's degree,standard,completed,65,81,81
646,Adin Brown,female,21,10646,group D,associate's degree,standard,none,59,70,65
647,Zach Thornton,female,28,10647,group E,high school,free/reduced,none,64,62,68
648,Andy Gruenebaum,female,19,10648,group B,high school,standard,none,50,53,55
649,Kyle Reynish,female,26,10649,group D,some college,standard,completed,69,79,81
650,Chris Seitz,male,19,10650,group C,some high school,free/reduced,completed,51,56,53
651,Chris Konopka,female,23,10651,group A,high school,standard,completed,68,80,76
652,Brian Perk,female,21,10652,group D,some college,standard,completed,85,86,98
653,David Bingham,female,20,10653,group A,associate's degree,standard,completed,65,70,74
654,Alex Horwath,female,21,10654,group B,some high school,standard,none,73,79,79
655,Alec Dufty,female,23,10655,group B,some college,standard,none,62,67,67
656,Jon Kempin,male,22,10656,group C,associate's degree,free/reduced,none,77,67,64
657,Alex Riggs,male,22,10657,group D,some high school,standard,none,69,66,61
658,Tyler Deric,female,25,10658,group D,associate's degree,free/reduced,none,43,60,58
659,Tim Murray,male,23,10659,group D,associate's degree,standard,none,90,87,85
660,Tim Melia,male,22,10660,group C,some college,free/reduced,none,74,77,73
661,Evan Newton,male,25,10661,group C,some high school,standard,none,73,66,63
662,Richard Sanchez,female,24,10662,group D,some college,free/reduced,none,55,71,69
663,Brian Sylvestre,female,28,10663,group C,high school,standard,none,65,69,67
664,Thorne Holder,male,24,10664,group D,associate's degree,standard,none,80,63,63
665,Josh Ford,female,27,10665,group C,some high school,free/reduced,completed,50,60,60
666,Chase Harrison,female,28,10666,group C,some college,free/reduced,completed,63,73,71
667,Bryan Meredith,female,26,10667,group B,bachelor's degree,free/reduced,none,77,85,87
668,Sergio Arias,male,18,10668,group C,some college,standard,none,73,74,61
669,Ian Joyce,male,25,10669,group D,associate's degree,standard,completed,81,72,77
670,Josh Lambo,female,23,10670,group C,high school,free/reduced,none,66,76,68
671,Andrew Weber,male,20,10671,group D,associate's degree,free/reduced,none,52,57,50
672,Terry Boss,female,19,10672,group C,some college,standard,none,69,78,76
673,Steward Ceus,female,23,10673,group C,associate's degree,standard,completed,65,84,84
674,Jimmy Nielsen,female,19,10674,group D,high school,standard,completed,69,77,78
675,Donovan Ricketts,female,23,10675,group B,some college,standard,completed,50,64,66
676,Andy Gruenebaum,female,24,10676,group E,some college,standard,completed,73,78,76
677,Tally Hall,female,24,10677,group C,some high school,standard,completed,70,82,76
678,Jon Busch,male,28,10678,group D,associate's degree,free/reduced,none,81,75,78
679,Matt Pickens,male,23,10679,group D,some college,free/reduced,none,63,61,60
680,Dan Kennedy,female,18,10680,group D,high school,standard,none,67,72,74
681,Zac MacMath,male,23,10681,group B,high school,standard,none,60,68,60
682,Sean Johnson,male,20,10682,group B,high school,standard,none,62,55,54
683,Troy Perkins,female,19,10683,group C,some high school,free/reduced,completed,29,40,44
684,Nick Rimando,male,23,10684,group B,some college,standard,completed,62,66,68
685,Kevin Hartman,female,22,10685,group E,master's degree,standard,completed,94,99,100
686,Matt Reis,male,28,10686,group E,some college,standard,completed,85,75,68
687,Josh Saunders,male,28,10687,group D,associate's degree,free/reduced,none,77,78,73
688,Milos Kocic,male,26,10688,group A,high school,free/reduced,none,53,58,44
689,Joe Cannon,male,20,10689,group E,some college,free/reduced,none,93,90,83
690,Bill Hamid,female,19,10690,group C,associate's degree,standard,none,49,53,53
691,Michael Gspurning,female,28,10691,group E,associate's degree,free/reduced,none,73,76,78
692,Ryan Meara,female,27,10692,group C,bachelor's degree,free/reduced,completed,66,74,81
693,Bill Gaudette,female,24,10693,group D,associate's degree,standard,none,77,77,73
694,Bryan Meredith,female,19,10694,group C,some high school,standard,none,49,63,56
695,Joe Willis,female,24,10695,group D,some college,free/reduced,none,79,89,86
696,Brad Knighton,female,24,10696,group C,associate's degree,standard,completed,75,82,90
697,Bobby Shuttleworth,female,23,10697,group A,bachelor's degree,standard,none,59,72,70
698,Freddy Hall,female,25,10698,group D,associate's degree,standard,completed,57,78,79
699,Joe Bendik,male,27,10699,group C,high school,free/reduced,none,66,66,59
700,Brian Perk,female,24,10700,group E,bachelor's degree,standard,completed,79,81,82
701,Chris Seitz,female,20,10701,group B,some high school,standard,none,57,67,72
702,Luis Robles,male,21,10702,group A,bachelor's degree,standard,completed,87,84,87
703,Matt Lampson,female,25,10703,group D,some college,standard,none,63,64,67
704,Steward Ceus,female,20,10704,group B,some high school,free/reduced,completed,59,63,64
705,Andrew Weber,male,26,10705,group A,bachelor's degree,free/reduced,none,62,72,65
706,David Bingham,male,18,10706,group D,high school,standard,none,46,34,36
707,Paolo Tornaghi,male,18,10707,group C,some college,standard,none,66,59,52
708,Kyle Reynish,male,19,10708,group D,high school,standard,none,89,87,79
709,Tim Melia,female,25,10709,group D,associate's degree,free/reduced,completed,42,61,58
710,Greg Sutton,male,25,10710,group C,some college,standard,completed,93,84,90
711,Chris Konopka,female,28,10711,group E,some high school,standard,completed,80,85,85
712,Tyler Deric,female,22,10712,group D,some college,standard,none,98,100,99
713,Chase Harrison,male,27,10713,group D,master's degree,standard,none,81,81,84
714,Evan Bush,female,23,10714,group B,some high school,standard,completed,60,70,74
715,Brian Rowe ,female,20,10715,group B,associate's degree,free/reduced,completed,76,94,87
716,Jeremy Vuolo,male,27,10716,group C,associate's degree,standard,completed,73,78,72
717,Erich Marscheider,female,24,10717,group C,associate's degree,standard,completed,96,96,99
718,Quillan Roberts,female,25,10718,group C,high school,standard,none,76,76,74
719,Lalo Fernandez,male,28,10719,group E,associate's degree,free/reduced,completed,91,73,80
720,Patrick McLain,female,20,10720,group C,some college,free/reduced,none,62,72,70
721,Scott Angevine,male,20,10721,group D,some high school,free/reduced,completed,55,59,59
722,Tim Murray,female,26,10722,group B,some high school,free/reduced,completed,74,90,88
723,Jon Kempin,male,20,10723,group C,high school,standard,none,50,48,42
724,Evan Newton,male,21,10724,group B,some college,standard,none,47,43,41
725,Josh Ford,male,28,10725,group E,some college,standard,completed,81,74,71
726,Brian Sylvestre,female,19,10726,group E,associate's degree,standard,completed,65,75,77
727,Jake Gleeson,male,21,10727,group E,some high school,standard,completed,68,51,57
728,Richard Sanchez,female,25,10728,group D,high school,free/reduced,none,73,92,84
729,Ian Joyce,male,21,10729,group C,some college,standard,none,53,39,37
730,Stefan Frei,female,20,10730,group B,associate's degree,free/reduced,completed,68,77,80
731,Andrew Dykstra,male,22,10731,group A,some high school,free/reduced,none,55,46,43
732,Marcus Hahnemann,female,22,10732,group C,some college,standard,completed,87,89,94
733,William Hesmer,male,28,10733,group D,some high school,standard,none,55,47,44
734,Jay Nolly,female,21,10734,group E,some college,free/reduced,none,53,58,57
735,Eric Kronberg,male,28,10735,group C,master's degree,standard,none,67,57,59
736,Jimmy Nielsen,male,23,10736,group C,associate's degree,standard,none,92,79,84
737,Luis Robles,female,19,10737,group B,some college,free/reduced,completed,53,66,73
738,Tally Hall,male,28,10738,group D,associate's degree,standard,none,81,71,73
739,Zac MacMath,male,24,10739,group C,high school,free/reduced,none,61,60,55
740,Joe Bendik,male,27,10740,group D,bachelor's degree,standard,none,80,73,72
741,Troy Perkins,female,23,10741,group A,associate's degree,free/reduced,none,37,57,56
742,Jon Busch,female,28,10742,group C,high school,standard,none,81,84,82
743,Clint Irwin,female,27,10743,group C,associate's degree,standard,completed,59,73,72
744,Donovan Ricketts,male,23,10744,group B,some college,free/reduced,none,55,55,47
745,Dan Kennedy,male,26,10745,group D,associate's degree,standard,none,72,79,74
746,Michael Gspurning,male,26,10746,group D,high school,standard,none,69,75,71
747,Sean Johnson,male,25,10747,group C,some college,standard,none,69,64,68
748,Nick Rimando,female,19,10748,group C,bachelor's degree,free/reduced,none,50,60,59
749,Raul Fernandez,male,22,10749,group B,some college,standard,completed,87,84,86
750,Bill Hamid,male,18,10750,group D,some high school,standard,completed,71,69,68
751,Bobby Shuttleworth,male,19,10751,group E,some college,standard,none,68,72,65
752,Carlo Cudicini,male,25,10752,group C,master's degree,free/reduced,completed,79,77,75
753,Andy Gruenebaum,female,26,10753,group C,some high school,standard,completed,77,90,85
754,David Ousted,male,26,10754,group C,associate's degree,free/reduced,none,58,55,53
755,Matt Lampson,female,23,10755,group E,associate's degree,standard,none,84,95,92
756,Matt Reis,male,21,10756,group D,some college,standard,none,55,58,52
757,Brad Knighton,male,21,10757,group E,bachelor's degree,free/reduced,completed,70,68,72
758,Joe Cannon,female,20,10758,group D,some college,free/reduced,completed,52,59,65
759,Jaime Penedo,male,21,10759,group B,some college,standard,completed,69,77,77
760,Joe Willis,female,28,10760,group C,high school,free/reduced,none,53,72,64
761,Chris Seitz,female,19,10761,group D,some high school,standard,none,48,58,54
762,Paolo Tornaghi,male,21,10762,group D,some high school,standard,completed,78,81,86
763,Jeff Attinella,female,25,10763,group B,high school,standard,none,62,62,63
764,Brian Rowe ,male,23,10764,group D,some college,standard,none,60,63,59
765,Marcus Hahnemann,female,26,10765,group B,high school,standard,none,74,72,72
766,Andrew Weber,female,21,10766,group C,high school,standard,completed,58,75,77
767,Josh Saunders,male,21,10767,group B,high school,standard,completed,76,62,60
768,Matt Pickens,female,27,10768,group D,some high school,standard,none,68,71,75
769,Patrick McLain,male,23,10769,group A,some college,free/reduced,none,58,60,57
770,Tim Melia,male,20,10770,group B,high school,standard,none,52,48,49
771,Milos Kocic,male,26,10771,group D,bachelor's degree,standard,none,75,73,74
772,Stefan Frei,female,22,10772,group B,some high school,free/reduced,completed,52,67,72
773,Steward Ceus,female,26,10773,group C,bachelor's degree,free/reduced,none,62,78,79
774,David Bingham,male,24,10774,group B,some college,standard,none,66,65,60
775,Evan Bush,female,20,10775,group B,some high school,free/reduced,none,49,58,55
776,Ryan Meara,female,18,10776,group B,high school,standard,none,66,72,70
777,Santiago Castao,female,25,10777,group C,some college,free/reduced,none,35,44,43
778,Luis Soffner,female,19,10778,group A,some college,standard,completed,72,79,82
779,Kyle Zobeck,male,22,10779,group E,associate's degree,standard,completed,94,85,82
780,Daniel Withrow,female,20,10780,group D,associate's degree,free/reduced,none,46,56,57
781,Maxime Crepeau,female,28,10781,group B,master's degree,standard,none,77,90,84
782,Alec Kann,female,24,10782,group B,high school,free/reduced,completed,76,85,82
783,Jesse Gonzalez,female,26,10783,group C,associate's degree,standard,completed,52,59,62
784,Evan Newton,male,23,10784,group C,bachelor's degree,standard,completed,91,81,79
785,Jake Gleeson,female,26,10785,group B,some high school,standard,completed,32,51,44
786,Richard Sanchez,female,20,10786,group E,some high school,free/reduced,none,72,79,77
787,Jon Kempin,female,25,10787,group B,some college,standard,none,19,38,32
788,Tyler Deric,male,25,10788,group C,associate's degree,free/reduced,none,68,65,61
789,Erich Marscheider,female,24,10789,group C,master's degree,free/reduced,none,52,65,61
790,Quillan Roberts,female,22,10790,group B,high school,standard,none,48,62,60
791,Lalo Fernandez,female,19,10791,group D,some college,free/reduced,none,60,66,70
792,Josh Ford,male,23,10792,group D,high school,free/reduced,none,66,74,69
793,Simon Thomas,male,20,10793,group E,some high school,standard,completed,89,84,77
794,Andrew Dykstra,female,27,10794,group B,high school,standard,none,42,52,51
795,Brian Perk,female,24,10795,group E,associate's degree,free/reduced,completed,57,68,73
796,Eric Kronberg,male,22,10796,group D,high school,standard,none,70,70,70
797,Chris Konopka,female,26,10797,group E,associate's degree,free/reduced,none,70,84,81
798,Kevin Hartman,male,22,10798,group E,some college,standard,none,69,60,54
799,Oka Nikolov,female,28,10799,group C,associate's degree,standard,none,52,55,57
800,Jon Busch,male,22,10800,group C,some high school,standard,completed,67,73,68
801,Luis Robles,male,19,10801,group C,some high school,standard,completed,76,80,73
802,David Ousted,female,20,10802,group E,associate's degree,standard,none,87,94,95
803,Stefan Frei,female,26,10803,group B,some college,standard,none,82,85,87
804,Steve Clark,female,23,10804,group C,some college,standard,none,73,76,78
805,Dan Kennedy,male,25,10805,group A,some college,free/reduced,none,75,81,74
806,Sean Johnson,female,27,10806,group D,some college,free/reduced,none,64,74,75
807,Donovan Ricketts,female,24,10807,group E,high school,free/reduced,none,41,45,40
808,Bobby Shuttleworth,male,20,10808,group C,high school,standard,none,90,75,69
809,Bill Hamid,male,22,10809,group B,bachelor's degree,standard,none,59,54,51
810,Zac MacMath,male,27,10810,group A,some high school,standard,none,51,31,36
811,Jaime Penedo,male,24,10811,group A,high school,free/reduced,none,45,47,49
812,Joe Bendik,female,28,10812,group C,master's degree,standard,completed,54,64,67
813,Clint Irwin,male,28,10813,group E,some high school,standard,completed,87,84,76
814,Tally Hall,female,28,10814,group C,high school,standard,none,72,80,83
815,Nick Rimando,male,20,10815,group B,some high school,standard,completed,94,86,87
816,Raul Fernandez,female,24,10816,group A,bachelor's degree,standard,none,45,59,64
817,Troy Perkins,male,25,10817,group D,bachelor's degree,free/reduced,completed,61,70,76
818,Eric Kronberg,female,27,10818,group B,high school,free/reduced,none,60,72,68
819,Chris Seitz,female,21,10819,group C,some high school,standard,none,77,91,88
820,Evan Bush,female,18,10820,group A,some high school,standard,completed,85,90,92
821,Tyler Deric,female,25,10821,group D,bachelor's degree,free/reduced,none,78,90,93
822,Andy Gruenebaum,male,27,10822,group E,some college,free/reduced,completed,49,52,51
823,Jeff Attinella,female,18,10823,group B,high school,free/reduced,none,71,87,82
824,Jlio Csar,female,27,10824,group C,some high school,free/reduced,none,48,58,52
825,John Berner,male,18,10825,group C,high school,standard,none,62,67,58
826,Joe Nasco,female,20,10826,group C,associate's degree,free/reduced,completed,56,68,70
827,Jon Kempin,female,27,10827,group C,some high school,standard,none,65,69,76
828,Rais MBolhi,female,25,10828,group D,some high school,free/reduced,completed,69,86,81
829,Andrew Dykstra,male,27,10829,group B,some high school,standard,none,68,54,53
830,Andrew Weber,female,20,10830,group A,some college,free/reduced,none,61,60,57
831,Brian Rowe ,female,19,10831,group C,bachelor's degree,free/reduced,completed,74,86,89
832,Tim Melia,male,26,10832,group A,bachelor's degree,standard,none,64,60,58
833,Brian Perk,female,18,10833,group B,high school,standard,completed,77,82,89
834,Brad Knighton,male,26,10834,group B,some college,standard,none,58,50,45
835,Trevor Spangenberg,female,24,10835,group C,high school,standard,completed,60,64,74
836,Andre Blake,male,21,10836,group E,high school,standard,none,73,64,57
837,Kyle Reynish,female,27,10837,group A,high school,standard,completed,75,82,79
838,Chris Konopka,male,28,10838,group B,associate's degree,free/reduced,completed,58,57,53
839,Marcus Hahnemann,female,26,10839,group C,associate's degree,standard,none,66,77,73
840,Matt Pickens,female,25,10840,group D,high school,free/reduced,none,39,52,46
841,Paolo Tornaghi,male,22,10841,group C,some high school,standard,none,64,58,51
842,David Bingham,female,24,10842,group B,high school,free/reduced,completed,23,44,36
843,Jake Gleeson,male,20,10843,group B,some college,free/reduced,completed,74,77,76
844,Richard Sanchez,female,19,10844,group D,some high school,free/reduced,completed,40,65,64
845,Joe Willis,male,23,10845,group E,master's degree,standard,none,90,85,84
846,Josh Ford,male,28,10846,group C,master's degree,standard,completed,91,85,85
847,Marco Carducci,male,20,10847,group D,high school,standard,none,64,54,50
848,Billy Knutsen,female,21,10848,group C,high school,standard,none,59,72,68
849,Larry Jackson,male,18,10849,group D,associate's degree,standard,none,80,75,69
850,Matt Lampson,male,25,10850,group C,master's degree,standard,none,71,67,67
851,Ryan Meara,female,25,10851,group A,high school,standard,none,61,68,63
852,Bryan Meredith,female,23,10852,group E,some college,standard,none,87,85,93
853,Quillan Roberts,male,26,10853,group E,some high school,standard,none,82,67,61
854,Lalo Fernandez,male,19,10854,group C,some high school,standard,none,62,64,55
855,Brian Holt,female,18,10855,group B,bachelor's degree,standard,none,97,97,96
856,Michael Lisch,male,25,10856,group B,some college,free/reduced,none,75,68,65
857,Santiago Castao,female,23,10857,group C,bachelor's degree,standard,none,65,79,81
858,Brad Stuver,male,25,10858,group B,high school,standard,completed,52,49,46
859,Luis Soffner,male,20,10859,group C,associate's degree,free/reduced,none,87,73,72
860,Maxime Crepeau,female,28,10860,group C,associate's degree,standard,none,53,62,53
861,Alec Kann,female,21,10861,group E,master's degree,free/reduced,none,81,86,87
862,Jesse Gonzalez,male,19,10862,group D,bachelor's degree,free/reduced,completed,39,42,38
863,Luis Robles,female,22,10863,group C,some college,standard,completed,71,71,80
864,David Ousted,male,20,10864,group C,associate's degree,standard,none,97,93,91
865,David Bingham,male,26,10865,group D,some college,standard,completed,82,82,88
866,Steve Clark,male,26,10866,group C,high school,free/reduced,none,59,53,52
867,Adam Kwarasey,male,24,10867,group B,associate's degree,standard,none,61,42,41
868,Josh Saunders,male,20,10868,group E,associate's degree,free/reduced,completed,78,74,72
869,Stefan Frei,male,23,10869,group C,associate's degree,free/reduced,none,49,51,51
870,Bobby Shuttleworth,male,23,10870,group B,high school,standard,none,59,58,47
871,Tyler Deric,female,21,10871,group C,some college,standard,completed,70,72,76
872,Evan Bush,male,25,10872,group B,associate's degree,standard,completed,82,84,78
873,Clint Irwin,male,19,10873,group E,associate's degree,free/reduced,none,90,90,82
874,Bill Hamid,female,21,10874,group C,bachelor's degree,free/reduced,none,43,62,61
875,Nick Rimando,male,26,10875,group C,some college,free/reduced,none,80,64,66
876,Tally Hall,male,21,10876,group D,some college,standard,none,81,82,84
877,Tim Melia,male,24,10877,group C,some high school,standard,none,57,61,54
878,Sean Johnson,female,20,10878,group D,some high school,standard,none,59,72,80
879,Donovan Ricketts,female,28,10879,group D,associate's degree,standard,none,64,76,74
880,Chris Konopka,male,21,10880,group C,bachelor's degree,standard,completed,63,64,66
881,Dan Kennedy,female,19,10881,group E,bachelor's degree,standard,completed,71,70,70
882,Jaime Penedo,female,25,10882,group B,high school,free/reduced,none,64,73,71
883,Joe Bendik,male,24,10883,group D,bachelor's degree,free/reduced,none,55,46,44
884,Jon Busch,female,25,10884,group E,associate's degree,standard,none,51,51,54
885,Brian Sylvestre,female,25,10885,group C,associate's degree,standard,completed,62,76,80
886,John McCarthy,female,23,10886,group E,associate's degree,standard,completed,93,100,95
887,Jesse Gonzalez,male,19,10887,group C,high school,free/reduced,none,54,72,59
888,Jeff Attinella,female,23,10888,group D,some college,free/reduced,none,69,65,74
889,Andrew Dykstra,male,20,10889,group D,high school,free/reduced,none,44,51,48
890,Luis Marin,female,26,10890,group E,some college,standard,completed,86,85,91
891,Chris Seitz,female,23,10891,group E,associate's degree,standard,none,85,92,85
892,Brian Rowe ,female,23,10892,group A,master's degree,free/reduced,none,50,67,73
893,Andre Blake,male,23,10893,group D,some high school,standard,completed,88,74,75
894,Rais MBolhi,female,22,10894,group E,associate's degree,standard,none,59,62,69
895,Troy Perkins,female,26,10895,group E,some high school,free/reduced,none,32,34,38
896,Eric Kronberg,male,28,10896,group B,high school,free/reduced,none,36,29,27
897,Brad Knighton,female,23,10897,group B,some high school,free/reduced,completed,63,78,79
898,Joe Willis,male,22,10898,group D,associate's degree,standard,completed,67,54,63
899,Jon Kempin,female,21,10899,group D,some high school,standard,completed,65,78,82
900,Zac MacMath,male,19,10900,group D,master's degree,standard,none,85,84,89
901,Josh Ford,female,24,10901,group C,master's degree,standard,none,73,78,74
902,Travis Worra,female,24,10902,group A,high school,free/reduced,completed,34,48,41
903,Alec Kann,female,28,10903,group D,bachelor's degree,free/reduced,completed,93,100,100
904,Ryan Meara,female,18,10904,group D,some high school,free/reduced,none,67,84,84
905,Andrew Weber,male,18,10905,group D,some college,standard,none,88,77,77
906,Kyle Reynish,male,22,10906,group B,high school,standard,none,57,48,51
907,Kristian Nicht,female,28,10907,group D,some college,standard,completed,79,84,91
908,Jake Gleeson,female,22,10908,group C,bachelor's degree,free/reduced,none,67,75,72
909,Brian Perk,male,21,10909,group E,bachelor's degree,standard,completed,70,64,70
910,Paolo Tornaghi,male,25,10910,group D,bachelor's degree,free/reduced,none,50,42,48
911,Earl Edwards Jr.,female,18,10911,group A,some college,standard,none,69,84,82
912,Michael Lisch,female,28,10912,group C,bachelor's degree,standard,completed,52,61,66
913,Santiago Castao,female,19,10913,group C,bachelor's degree,free/reduced,completed,47,62,66
914,Brad Stuver,female,21,10914,group B,associate's degree,free/reduced,none,46,61,55
915,Maxime Crepeau,female,25,10915,group E,some college,standard,none,68,70,66
916,Eirik Johansen,male,20,10916,group E,bachelor's degree,standard,completed,100,100,100
917,Bryan Meredith,female,21,10917,group C,high school,standard,none,44,61,52
918,Matt Lampson,female,26,10918,group C,associate's degree,standard,completed,57,77,80
919,Quillan Roberts,male,27,10919,group B,some college,standard,completed,91,96,91
920,Lalo Fernandez,male,20,10920,group D,high school,free/reduced,none,69,70,67
921,Akira Fitzgerald,female,26,10921,group C,high school,free/reduced,none,35,53,46
922,Charlie Lyon,male,25,10922,group D,high school,standard,none,72,66,66
923,Alex Bono,female,23,10923,group B,associate's degree,free/reduced,none,54,65,65
924,Marco Carducci,male,26,10924,group D,high school,free/reduced,none,74,70,69
925,John Berner,male,19,10925,group E,some high school,standard,completed,74,64,60
926,Trevor Spangenberg,male,25,10926,group E,associate's degree,free/reduced,none,64,56,52
927,Andrew Wolverton,female,22,10927,group D,high school,free/reduced,completed,65,61,71
928,Tomas Gomez,male,24,10928,group E,associate's degree,free/reduced,completed,46,43,44
929,David Bingham,female,27,10929,group C,some high school,free/reduced,none,48,56,51
930,Joe Bendik,male,25,10930,group C,some college,free/reduced,completed,67,74,70
931,Luis Robles,male,24,10931,group D,some college,free/reduced,none,62,57,62
932,Evan Bush,male,21,10932,group D,associate's degree,free/reduced,completed,61,71,73
933,David Ousted,male,21,10933,group C,bachelor's degree,free/reduced,completed,70,75,74
934,Josh Saunders,male,26,10934,group C,associate's degree,standard,completed,98,87,90
935,Stefan Frei,male,24,10935,group D,some college,free/reduced,none,70,63,58
936,Steve Clark,male,25,10936,group A,associate's degree,standard,none,67,57,53
937,Andre Blake,female,24,10937,group E,high school,free/reduced,none,57,58,57
938,Brian Rowe ,male,26,10938,group D,some college,standard,completed,85,81,85
939,Nick Rimando,male,23,10939,group D,some high school,standard,completed,77,68,69
940,Jake Gleeson,male,21,10940,group C,master's degree,free/reduced,completed,72,66,72
941,Chris Seitz,female,23,10941,group D,master's degree,standard,none,78,91,96
942,Tim Melia,male,20,10942,group C,high school,standard,none,81,66,64
943,Joe Willis,male,24,10943,group A,some high school,free/reduced,completed,61,62,61
944,Sean Johnson,female,18,10944,group B,high school,standard,none,58,68,61
945,Bobby Shuttleworth,female,25,10945,group C,associate's degree,standard,none,54,61,58
946,Bill Hamid,male,23,10946,group B,high school,standard,none,82,82,80
947,Clint Irwin,female,21,10947,group D,some college,free/reduced,none,49,58,60
948,Tim Howard,male,18,10948,group B,some high school,free/reduced,completed,49,50,52
949,Zac MacMath,female,25,10949,group E,high school,free/reduced,completed,57,75,73
950,Alex Bono,male,27,10950,group E,high school,standard,none,94,73,71
951,Brad Knighton,female,19,10951,group D,some college,standard,completed,75,77,83
952,Travis Worra,female,22,10952,group E,some high school,free/reduced,none,74,74,72
953,Matt Lampson,male,25,10953,group C,high school,standard,completed,58,52,54
954,Tyler Deric,female,23,10954,group C,some college,standard,none,62,69,69
955,Adam Kwarasey,male,27,10955,group E,associate's degree,standard,none,72,57,62
956,Alec Kann,male,26,10956,group C,some college,standard,none,84,87,81
957,Jesse Gonzalez,female,26,10957,group D,master's degree,standard,none,92,100,100
958,Jeff Attinella,female,20,10958,group D,high school,standard,none,45,63,59
959,Dan Kennedy,male,25,10959,group C,high school,standard,none,75,81,71
960,Eric Kronberg,female,25,10960,group A,some college,standard,none,56,58,64
961,Clement Diop,female,24,10961,group D,some high school,free/reduced,none,48,54,53
962,Brad Stuver,female,24,10962,group E,associate's degree,standard,none,100,100,100
963,Andrew Tarbell,female,23,10963,group C,some high school,free/reduced,completed,65,76,75
964,Patrick McLain,male,20,10964,group D,some college,standard,none,72,57,58
965,John McCarthy,female,19,10965,group D,some college,standard,none,62,70,72
966,Matt Jones,male,24,10966,group A,some high school,standard,completed,66,68,64
967,Tyler Miller,male,21,10967,group C,some college,standard,none,63,63,60
968,Cody Cropper,female,21,10968,group E,associate's degree,standard,none,68,76,67
969,Eirik Johansen,female,26,10969,group B,bachelor's degree,standard,none,75,84,80
970,Paolo Tornaghi,female,21,10970,group D,bachelor's degree,standard,none,89,100,100
971,Andrew Dykstra,male,21,10971,group C,some high school,standard,completed,78,72,69
972,Chris Konopka,female,22,10972,group A,high school,free/reduced,completed,53,50,60
973,Tally Hall,female,18,10973,group D,some college,free/reduced,none,49,65,61
974,Kyle Reynish,female,18,10974,group A,some college,standard,none,54,63,67
975,Bryan Meredith,female,26,10975,group C,some college,standard,completed,64,82,77
976,Ryan Meara,male,27,10976,group B,some college,free/reduced,completed,60,62,60
977,Quillan Roberts,male,19,10977,group C,associate's degree,standard,none,62,65,58
978,Lalo Fernandez,male,21,10978,group D,high school,standard,completed,55,41,48
979,Jon Kempin,female,20,10979,group C,associate's degree,standard,none,91,95,94
980,Zack Steffen,female,19,10980,group B,high school,free/reduced,none,8,24,23
981,Charlie Horton,male,26,10981,group D,some high school,standard,none,81,78,78
982,Ryan Herman,male,22,10982,group B,some high school,standard,completed,79,85,86
983,Marco Carducci,female,25,10983,group A,some college,standard,completed,78,87,91
984,John Berner,female,19,10984,group C,some high school,standard,none,74,75,82
985,Earl Edwards Jr.,male,23,10985,group A,high school,standard,none,57,51,54
986,Maxime Crepeau,female,25,10986,group C,associate's degree,standard,none,40,59,51
987,Chris Froschauer,male,27,10987,group E,some high school,standard,completed,81,75,76
988,Matt Pacifici,female,23,10988,group A,some high school,free/reduced,none,44,45,45
989,Andre Rawls,female,22,10989,group D,some college,free/reduced,completed,67,86,83
990,Matt Turner,male,24,10990,group E,high school,free/reduced,completed,86,81,75
991,Charlie Lyon,female,28,10991,group B,some high school,standard,completed,65,82,78
992,Calle Brown,female,25,10992,group D,associate's degree,free/reduced,none,55,76,76
993,Wade Hamilton,female,18,10993,group D,bachelor's degree,free/reduced,none,62,72,74
994,Mason Stajduhar,male,25,10994,group A,high school,standard,none,63,63,62
995,Luis Robles,female,28,10995,group E,master's degree,standard,completed,88,99,95
996,Zack Steffen,male,20,10996,group C,high school,free/reduced,none,62,55,55
997,Bobby Shuttleworth,female,19,10997,group C,high school,free/reduced,completed,59,71,65
998,Stefan Frei,female,22,10998,group D,some college,standard,completed,68,78,77
999,Joe Bendik,female,20,10999,group D,some college,free/reduced,none,77,86,86
